archive_ref	tip_sha
refs/archive/2026-08-03/ag-ancestry-gate-r1-1565	e7f6209c865c93def805643682b644a614b8aca8
refs/archive/2026-08-03/ag-ancestry-gate-r2-1579	6bc87a490ce027e7a66d277184712331014d3d41
refs/archive/2026-08-03/ag-ancestry-gate-r3-1581	6e2396394942735160f78cdb8aaa968cbe53dcbb
refs/archive/2026-08-03/ag-checkpoint-design-r9-recut-1581	c34259b3aef6cc54d044182a62adffa0d74a0fc4
refs/archive/2026-08-03/ag-checkpoint-reconciliation-design-1581	07453daa302cb23f4e973d78f877d067df7b4e8d
refs/archive/2026-08-03/ag-checkpoint-reconciliation-design-r2-1581	95f9baab2a6ec3243ed17a540c1788bca5bf0df3
refs/archive/2026-08-03/ag-checkpoint-reconciliation-design-r3-1581	0baf0e251cdeda627cd23c5ecff441bccba81cb9
refs/archive/2026-08-03/ag-checkpoint-reconciliation-design-r4-1581	35711ad439960434bbd454b75f0d16052165bbb3
refs/archive/2026-08-03/ag-checkpoint-reconciliation-design-r5-1581	b1fe695535f0e2fb99a8bbb210ed1ea464b1d252
refs/archive/2026-08-03/ag-checkpoint-reconciliation-design-r7-recut-1581	69e030fd07387d500ae5a3d23e977f949ac906ac
refs/archive/2026-08-03/ag-codex-appserver-design-1533	a8b58cd9e91f040274bd1e5efb07e5085ddd06cd
refs/archive/2026-08-03/ag-codex-appserver-design-r2-1533	ee1c62f4a4fc76c01c1e5a5c823c444f1a81cd7d
refs/archive/2026-08-03/ag-codex-appserver-design-r3-1537	1b4813a739c696a7419ea5bf06f6795a68ad3181
refs/archive/2026-08-03/ag-daemon-media-r14-deps-verify-1581	8d843c36f8722550256bce7d242493d8b1eedee8
refs/archive/2026-08-03/ag-daily-sprint-close-1578	4cd680b79106aa020519567bca5ff0269c2e11be
refs/archive/2026-08-03/ag-daily-sprint-close-r2-1581	2d5136ddd64ddecb2001a811799b03e30f214592
refs/archive/2026-08-03/ag-daily-sprint-close-r3-1581	80e65e11b79e0fc7fc2152f7ff0515a0392614d4
refs/archive/2026-08-03/ag-daily-sprint-close-r7-impl-1581	8c1c3f8be8a07dd3c19ca6588b3868014cfd47c9
refs/archive/2026-08-03/ag-database-internal-net-r2-1533	89ee9da55545dc43abedf008b6174edc136b99ad
refs/archive/2026-08-03/ag-database-readiness-timeout-r1-1581	88346fefb1e6f99be40d890f78fefca31a13582b
refs/archive/2026-08-03/ag-generator-buildkit-policy-arm-r1-1551	fbd9b2320f4cb45eab7ac4699a033517731d2202
refs/archive/2026-08-03/ag-generator-image-proposal-r2-1544	dcd216d3a66fedece5a90cf62864305bc0aa7488
refs/archive/2026-08-03/ag-generator-image-proposal-r3-1544	dc9b0d2f36b0ebe8d081a658f4d30efa3abf0fee
refs/archive/2026-08-03/ag-generator-image-proposal-r4-1548	1cd2e8d644fa40d26dd884e5c2f99c3b7390a750
refs/archive/2026-08-03/ag-generator-image-proposal-r5-1551	c6c05a3d62f14e0afba29c5c51efdd3f0edc9e25
refs/archive/2026-08-03/ag-generator-image-proposal-r6-1551	bd8f373cdba4aeaafe460c911f4665ea3d220bf3
refs/archive/2026-08-03/ag-generator-image-proposal-r7-1551	74b099504841789dc407a8fa97a409cc41b27897
refs/archive/2026-08-03/ag-hr1275-manifest-r2	775ed92872d6a8ec874bec8fe0992e42e3d829ac
refs/archive/2026-08-03/ag-internal-unit-authority-impl-r1-1551	4e6cf33026d89185493235cc202d98137bdc0750
refs/archive/2026-08-03/ag-internal-unit-authority-r10-1551	4a0d765bf3a8ce8f4e2b067191d1880d1d26cc35
refs/archive/2026-08-03/ag-internal-unit-authority-r11-1551	4be49f90c1dee5db1fb838d30081527abca2494f
refs/archive/2026-08-03/ag-internal-unit-authority-r3-1561	e4f0eddca9581c0410b7a1041d731137374c4069
refs/archive/2026-08-03/ag-internal-unit-authority-r7-1544	923d87d657bbf46f0b6073f7bd85673ca492dfe0
refs/archive/2026-08-03/ag-internal-unit-authority-r8-1544	84db0f8c7fa97b05d8407fdffa4f3062b07db1bd
refs/archive/2026-08-03/ag-internal-unit-authority-r9-1548	1ef2eb7bb95993201e2ba06e8cd30dfe7a9830c6
refs/archive/2026-08-03/ag-internal-unit-filter-r2-1533	fc5fd12632a4a8170dde980df672e4468002b022
refs/archive/2026-08-03/ag-internal-unit-filter-r3-1533	70ef0959d53150fa3f2627b425dcdbdec52434c1
refs/archive/2026-08-03/ag-internal-unit-filter-r4-1533	2d40abde148b8a9705f693fc497ac13483c1dbbf
refs/archive/2026-08-03/ag-internal-unit-filter-r5-1537	693b1770d4e9a05305cb8ace14e0eb47d2465a57
refs/archive/2026-08-03/ag-internal-unit-provenance-r8-impl-1581	73ee507c4fa5c953bf3fa520f0615b503fec3cab
refs/archive/2026-08-03/ag-landing-contract-r2-1575	69499958c252b7e2e06a39acd27bb6d858a0b1cf
refs/archive/2026-08-03/ag-landing-contract-r3-1581	f81719fded8beb49d26116cd22df646eb1147a37
refs/archive/2026-08-03/ag-legacy-infra-parity-audit-r2	bda1a38f76b9f1946b8dd38366fa23467380ec88
refs/archive/2026-08-03/ag-loopback-contract-r4-1533	28a1f8d5e523b197d757c84a70799cda56d72348
refs/archive/2026-08-03/ag-loopback-rework-r2-1515	905530c4dd047d373606a326ae37575ae1f8fac7
refs/archive/2026-08-03/ag-loopback-rework-r3-1524	a3007048fad05d79d7143b6e5ed62c4d84927fbe
refs/archive/2026-08-03/ag-loopback-rework-r4-1533	4d3fbe1033956e1d3096e56d1c5aa7b3b6481d4f
refs/archive/2026-08-03/ag-pinned-progress-r3-1533	558b54ef63d71ab98dd8601aac1d7f855a26deb0
refs/archive/2026-08-03/ag-pinned-progress-r4-1533	cb87f3687ed02df5cc69f39e2e44c9e69a38fa86
refs/archive/2026-08-03/ag-pinned-progress-r5-1542	47f8110288706e1784cc9ed562ec7a37b3487c45
refs/archive/2026-08-03/ag-pinned-v3-progress-1531	3e9deb0c9d90f1f57df73294ce0936df537daedf
refs/archive/2026-08-03/ag-probe-loopback-executor-1533	61bdbad82a89aa7262bcedb5a812da617698a64b
refs/archive/2026-08-03/ag-provider-routing-r7-impl-1581	61d9c8c169cb006b3eca83e852b48f8e961605be
refs/archive/2026-08-03/ag-provider-routing-security-r5-1581	51e57511ab156bcd9f5521cae7783e6521c5ab02
refs/archive/2026-08-03/ag-rev-ancestry-gate-r1-1575	91e89a2d74ae7fca355cec2fc604d515c7b71bdb
refs/archive/2026-08-03/ag-rev-ancestry-gate-r2-1581	5419a54ba9f9252794d709c20fd660ef697f09e0
refs/archive/2026-08-03/ag-rev-ancestry-gate-r3-1581	06024111565bdb850e775a073b6c5c9b1908595e
refs/archive/2026-08-03/ag-rev-checkpoint-r6-1581	633ff5e342fc0dceee74a39914c09c56977e0270
refs/archive/2026-08-03/ag-rev-checkpoint-reconciliation-design-1581	8fe27bfc6c76e9f8603602b67034fa9ebb068525
refs/archive/2026-08-03/ag-rev-checkpoint-reconciliation-design-r2-1581	a94d7802c88134a536fed940b850124979024182
refs/archive/2026-08-03/ag-rev-checkpoint-reconciliation-design-r3-1581	d7f73ac02e6597bfaced3a97a49c4fc8fcfe65ae
refs/archive/2026-08-03/ag-rev-checkpoint-reconciliation-design-r4-1581	d8cdf4163874ecbcab14a99a96457c56c94f7770
refs/archive/2026-08-03/ag-rev-codex-appserver-design-1533	7f73a1606616153cb97ff5c8c4b3de462d734030
refs/archive/2026-08-03/ag-rev-daemon-media-r12-operations-1581	7e5d2899b0939f6814d6fad1ba25045c5f298858
refs/archive/2026-08-03/ag-rev-daemon-media-r12-regression-1581	0ffedd63a44e07b2a4a4cb46c2ca213f0fac2a36
refs/archive/2026-08-03/ag-rev-daemon-media-r13-operations-1581	745ee07f659b4ef08cee7593015758e0008ce0d7
refs/archive/2026-08-03/ag-rev-daemon-media-r13-regression-1581	c3862e5af92a886cdd192b4f6a52ad25bce1f486
refs/archive/2026-08-03/ag-rev-daily-sprint-close-1578	0f0d6e2b1207fc59d6bc6c3968183c50d59490e9
refs/archive/2026-08-03/ag-rev-daily-sprint-close-r2-1581	da782405b487d799c6b2c77ca4b968fa0b068b6f
refs/archive/2026-08-03/ag-rev-daily-sprint-close-r3-1581	a382c331dcfcc8e2bfee18444a4755963f3ca76c
refs/archive/2026-08-03/ag-rev-daily-sprint-close-r4-1581	740e04a5b8d34bfeb82279b866ded2f8649aaca9
refs/archive/2026-08-03/ag-rev-database-internal-r2-1533	1d54df4573cd2f285333e558811c25ac55992eb9
refs/archive/2026-08-03/ag-rev-database-internal-r3-1533	fa1ca981a9e9c089282b0a65bddf7a43553d28a0
refs/archive/2026-08-03/ag-rev-database-loopback-r1-1565	e591d4e4d9b917c449c8db1faa4a2b05b698ba48
refs/archive/2026-08-03/ag-rev-generator-image-1544	333bea885abb7c81dc399d37e05b8e9f41928e3a
refs/archive/2026-08-03/ag-rev-generator-image-proposal-r5-1551	c006352f1ec8d3b46310b55500a4626454611dfe
refs/archive/2026-08-03/ag-rev-generator-image-proposal-r6-1551	19d94bc5ddeba54f9c0c73bbe747d04199552dbc
refs/archive/2026-08-03/ag-rev-generator-image-proposal-r7-1551	17ca42a1d03a21c162d08c1754af108d74f9adf3
refs/archive/2026-08-03/ag-rev-generator-image-r3-1544	e8bb41c44cfc67c339e7a3e2607fb01dd6d55df8
refs/archive/2026-08-03/ag-rev-internal-unit-authority-r10-1551	b442b2fb9cd96ce75deb4c78720e55ce0e01720b
refs/archive/2026-08-03/ag-rev-internal-unit-authority-r11-1551	324423002176317f6ceda6e02164b58bee4ca424
refs/archive/2026-08-03/ag-rev-internal-unit-authority-r12-1551	91733642680e3c3edf8949dd3463cd7cf29e8536
refs/archive/2026-08-03/ag-rev-internal-unit-authority-r2-1551	6ca9bc8c9112ddb3c8143176fca5feac2034021c
refs/archive/2026-08-03/ag-rev-internal-unit-authority-r7-1544	f0224731e7f34263e02afd6d083f81ceee17ad82
refs/archive/2026-08-03/ag-rev-internal-unit-authority-r8-1544	22928333ef957ef01fab9fa8a822f72bd16a6927
refs/archive/2026-08-03/ag-rev-internal-unit-authority-r9-1548	993162b83e15ef5dd2d231ebf0494aa65da16ce5
refs/archive/2026-08-03/ag-rev-internal-unit-r3-1533	c834b619085694c7473eab061c975f0613309e21
refs/archive/2026-08-03/ag-rev-internal-unit-r4-1533	800f4a4c3ed1bb577b271ce8e256340b4f6cfa8d
refs/archive/2026-08-03/ag-rev-internal-unit-r5-1542	09f8387a3afbeddc81c071c8a29743c22ab7f482
refs/archive/2026-08-03/ag-rev-landing-contract-r2-1579	9a0d03aa25488aa77828e2ed12f6d68587421f5a
refs/archive/2026-08-03/ag-rev-landing-contract-r4-operations-1581	8c8f183b1f582c96c69a46b2e1d6393ff7bab837
refs/archive/2026-08-03/ag-rev-landing-contract-r4-regression-1581	ff1c962428671619caaf55b9b56fa50b88d08a2e
refs/archive/2026-08-03/ag-rev-landing-contract-r4-security-1581	b78053a7508ca0ce026470b003e6557470b2fb1e
refs/archive/2026-08-03/ag-rev-landing-contract-r5-operations-1581	8aadb7e036ae0765d1975c6f8a7b8b42abe1b7d4
refs/archive/2026-08-03/ag-rev-landing-contract-r5-regression-1581	f0c0adf56009bf3ca3f90cd23006718c0d07f7b1
refs/archive/2026-08-03/ag-rev-landing-contract-r5-security-1581	d9b8f559471c275807de5c329da9f7bf9577b115
refs/archive/2026-08-03/ag-rev-landing-contract-r6-operations-1581	ad56d1d1cc5ff434eb1b7a5f03c58ffa7d747e68
refs/archive/2026-08-03/ag-rev-landing-contract-r6-regression-1581	57af59b765031f9dd2cd51c0ea51be76a5ef990e
refs/archive/2026-08-03/ag-rev-landing-contract-r6-security-1581	5336cda3c260a0651553b509284af983c0452795
refs/archive/2026-08-03/ag-rev-loopback-contract-r3-1533	01d564e434015e310d8f269c713e74191fc66102
refs/archive/2026-08-03/ag-rev-loopback-r2-sec-1515	ff920c98e4e0d7a4ec9c1d0b7fe420927506f696
refs/archive/2026-08-03/ag-rev-loopback-r3-sec-1529	43ac14ae64121aba0130427d47870413979220b9
refs/archive/2026-08-03/ag-rev-loopback-r4-sec-1533	3f54b28da401de7ead77b569ab5254b23ffff1c1
refs/archive/2026-08-03/ag-rev-loopback-sec-1508	f1ad8d745672a0b1efe0c52d4fc4a26f886933d9
refs/archive/2026-08-03/ag-rev-pinned-progress-r2-1533	473d26a81567e1f4aca1f2de1bce09daa79d3597
refs/archive/2026-08-03/ag-rev-pinned-progress-r3-1533	20269afae44048fa0ec1ebc56fbdf88c085220cb
refs/archive/2026-08-03/ag-rev-pinned-progress-r4-1537	fbd31b52ca53ed5fa9b7f65e98f9377e084d214a
refs/archive/2026-08-03/ag-rev-pinned-progress-r5-1544	34835097a4de3b887f65e4607385217fd7305940
refs/archive/2026-08-03/ag-rev-pinned-terminal-plan-1544	7dfbe828419260b115cef0f82597b4d3c4c7610e
refs/archive/2026-08-03/ag-rev-provider-routing-r1-1565	b5d56a81173149dac5ad62930961a858ac16c24f
refs/archive/2026-08-03/ag-rev-provider-routing-r6-operations-1581	9d71a9c43c69831814407a3edd81044452e526eb
refs/archive/2026-08-03/ag-rev-provider-routing-r6-regression-1581	67006b9ac3662b26f828e24e7dc87487aaf4364e
refs/archive/2026-08-03/ag-rev-provider-routing-r6-security-1581	0cf3701920def10ba4ea15eb098e00dff2fa5374
refs/archive/2026-08-03/ag-rev-runner-event-protocol-plan-1551	e113168f91df1b27c40641220839c412a81d7e16
refs/archive/2026-08-03/ag-rev-runner-event-protocol-plan-r2-1551	00092064ce4db4fc56a127bcb2dc236211c3f3a4
refs/archive/2026-08-03/ag-rev-runner-event-protocol-plan-r3-1551	dbb72e5c85d6f704d27995c55ea044c1d7bb7234
refs/archive/2026-08-03/ag-rev-runner-event-protocol-plan-r4-1551	aded5ba0e408c2c685e1e2074f6f7fe5c70d5081
refs/archive/2026-08-03/ag-rev-runner-event-protocol-r6-1551	3817263e70360a0027ed327c35c2f8be73854261
refs/archive/2026-08-03/ag-rev-runner-event-r8-1565	b011ed552826d2509242bb830674b25cf29b70b8
refs/archive/2026-08-03/ag-rev-runtime-loopback-payload-authority-r19-1551	6b7555f2850f5c12540d5b44840eafd687e302df
refs/archive/2026-08-03/ag-rev-runtime-loopback-r11-1544	0fbd6653a46cec970b62f18603cb8845cd09ce3d
refs/archive/2026-08-03/ag-rev-runtime-loopback-r14-1548	0a42f3f06062bc11a7579adfc2a33ae3e4619179
refs/archive/2026-08-03/ag-rev-runtime-loopback-r15-1551	8cc9d7a9089ebce9d691cf54f1a25af5061ce11a
refs/archive/2026-08-03/ag-rev-runtime-loopback-r21-1561	1c7ac43dbf1b4193dd7589082b187d16b50f34d9
refs/archive/2026-08-03/ag-rev-runtime-loopback-r22-1565	ec4e099b8f74af07507721ee06fcc742f6fe09ca
refs/archive/2026-08-03/ag-rev-telegram-format-1515	d348132120819f5c07e2eb87994f0d013f903c56
refs/archive/2026-08-03/ag-rev-test-executor-foundation-r3-1551	2de809d5ae021a894245c090304266887d3e2de7
refs/archive/2026-08-03/ag-rev-test-executor-foundation-r4-1551	8f73f893db6b5157d1c0cd7514a319aca3e95324
refs/archive/2026-08-03/ag-rev-test-executor-r10-operations-1581	0848e230fcd7286c6c5dd112051e492466b82c44
refs/archive/2026-08-03/ag-rev-test-executor-r10-regression-1581	4c777d474304451e33837fcebbfa3bc7f0d4d9ef
refs/archive/2026-08-03/ag-rev-test-executor-r10-security-1581	befa202c710487de69b22576df4ebc23a50bdc00
refs/archive/2026-08-03/ag-rev-test-executor-r2-operations-1548	ceabe33bc8865ca5a2259c43a008a7f5ef4c1248
refs/archive/2026-08-03/ag-rev-test-executor-r2-regression-1548	7516928f51bdf0036db943049f50c75902f6d636
refs/archive/2026-08-03/ag-rev-test-executor-r2-security-1548	437b877a7237f469d9c59d52a3660b9dd446e70b
refs/archive/2026-08-03/ag-rev-test-executor-r3-1544	ac8ce2ad4e1408cae4d319e0ba92bd481a207d92
refs/archive/2026-08-03/ag-rev-test-executor-r4-1544	ca3ac1f48f8e28e135e1ef00d95c5109117f19d2
refs/archive/2026-08-03/ag-rev-test-executor-r5-1544	176bbcd9ac8189afbe8c487063657e4e07db1914
refs/archive/2026-08-03/ag-rev-test-executor-r7-operations-1551	7b6c1d5b78c39a2055a08333f15676724d3b6f4c
refs/archive/2026-08-03/ag-rev-test-executor-r7-regression-1551	e60c137c2e66161f43f5e9a5753e1b5283e7c5bf
refs/archive/2026-08-03/ag-rev-test-executor-r7-security-1551	e6cf53de1554d5c51c010c5696abf4116444330b
refs/archive/2026-08-03/ag-rev-test-executor-r9-operations-1565	e711e58952d81dd6298b92975e9090c49471117d
refs/archive/2026-08-03/ag-rev-test-executor-r9-regression-1565	bb098f84fdee3d6366f42b8ded979280701c84f7
refs/archive/2026-08-03/ag-rev-test-executor-r9-security-1565	90fc35a2433baaebb7cec86c340ca641b887d2bd
refs/archive/2026-08-03/ag-rev-test-resource-inventory-1544	50e81d1914b8a61f58fc4c98fea4a772007b5c67
refs/archive/2026-08-03/ag-rev-test-resource-inventory-r2-1544	66ac195feab5c9795232f664e9972c2ad20e9df6
refs/archive/2026-08-03/ag-rev-test-resource-inventory-r3-1548	1f52bab30d45f3a909e9103c014e7e2432de842f
refs/archive/2026-08-03/ag-rev-test-resource-inventory-r4-1551	3b9d2d3c00156e3e921358f96ef318da34380dc9
refs/archive/2026-08-03/ag-rev-test-resource-inventory-r5-1551	0d27c545fbc17b9c98e7bc7c29647e4636571a10
refs/archive/2026-08-03/ag-rev-test-resource-inventory-r6-1551	0110060867bdce1c907b668e3a11e64d225e13ae
refs/archive/2026-08-03/ag-rev-test-resource-inventory-r7-1551	d0b6a2e6e8db4d1a9d696d3afa81595845325ae3
refs/archive/2026-08-03/ag-rev-test-resource-inventory-r8-1551	0a3a406c64da2c3e9d5490a0afc5befb51efdec3
refs/archive/2026-08-03/ag-rev-test-resource-inventory-r9-1551	f726502770354542f7b3cd136125889525140eed
refs/archive/2026-08-03/ag-rev-v3-authority-r10-sec-1544	89b7c7cf3375c712eb2d06b98de4da3bf39fe7c6
refs/archive/2026-08-03/ag-rev-v3-authority-r13-operations-1551	a37ff4f8c63285f23d005ac5d9543560caf39250
refs/archive/2026-08-03/ag-rev-v3-authority-r13-security-1551	8234018417b796274adfff6c833b75931adb377a
refs/archive/2026-08-03/ag-rev-v3-authority-r14-operations-1551	929f8e24476ce2787ed5e7f8f3732ce8a6a4fc12
refs/archive/2026-08-03/ag-rev-v3-authority-r15-operations-1551	9e3e4433f8bf7925a228be62a6f6a65bb5aac722
refs/archive/2026-08-03/ag-rev-v3-authority-r15-regression-1551	848e84d3bdfe39393fbe35e5987defb1d32bc4c9
refs/archive/2026-08-03/ag-rev-v3-authority-r15-security-1551	f3e11df3589d5131c473696589b0ea491d363cc1
refs/archive/2026-08-03/ag-rev-v3-authority-r18-operations-1575	0d309415484e5ffc3b7ada9340fb2dacb757ffe3
refs/archive/2026-08-03/ag-rev-v3-authority-r18-regression-1575	f79190f2c24f133fd4d5ac580249fe764f45ff5b
refs/archive/2026-08-03/ag-rev-v3-authority-r18-security-1575	5f12fc7ed38bfb2faa1eb6bf69faa16142d535b8
refs/archive/2026-08-03/ag-rev-v3-authority-r19-operations-1581	1c058dda45461100c790f708e64029ee10997e3f
refs/archive/2026-08-03/ag-rev-v3-authority-r19-regression-1581	ace5a4581930e31e66cc06ccb90e4abf1ff04cba
refs/archive/2026-08-03/ag-rev-v3-authority-r19-security-1581	3095a29a96876eed2217b5cd3673b6c66f845544
refs/archive/2026-08-03/ag-rev-v3-authority-r21-operations-1581	3cf7d23a93ffba03d5be517468b6a6e45c9ebdb7
refs/archive/2026-08-03/ag-rev-v3-authority-r21-regression-1581	c53731c50fc225dfa739fdabd3139c6a8b20dc23
refs/archive/2026-08-03/ag-rev-v3-authority-r21-security-1581	6a8b373bd679a1070d60089621b6db3089ab405d
refs/archive/2026-08-03/ag-rev-v3-authority-r22-security-1581	2684eb9c043ce7a08b145202bbf3cd7d985afb41
refs/archive/2026-08-03/ag-rev-v3-authority-r7-ops-1533	ed250ae653712d45d170b025240aef53b09b7d00
refs/archive/2026-08-03/ag-rev-v3-authority-r7-sec-1533	25369fae81443792137b637b3acf5ea8938615a0
refs/archive/2026-08-03/ag-rev-v3-authority-r8-ops-1533	09f075144d78eda835430d4a3fa3c9538b5df468
refs/archive/2026-08-03/ag-rev-v3-authority-r8-sec-1533	6ea92d2d8aeedb11f3a92379822c7d5ecfcdd048
refs/archive/2026-08-03/ag-rev-v3-authority-r9-sec-1537	9c54d931453796c999018ea1b04b8de8ad2b907f
refs/archive/2026-08-03/ag-rev-v3-gap1-ops-1499	05b5df147f9b82e6f54e48e5bcdf9c5b9a858164
refs/archive/2026-08-03/ag-rev-v3-gap1-sec-1499	5b82c518f00b1c9bf6db8daa1fe571721d4da375
refs/archive/2026-08-03/ag-rev-v3-gap2-ops-1499	2338776d8825e8df120d026df06f5d8fb2ba4ee9
refs/archive/2026-08-03/ag-rev-v3-gap2-r2-sec-1506	392c50635e2c3c7f2074f678f5211c8fb16dae5f
refs/archive/2026-08-03/ag-rev-v3-gap2-r6-1533	dc21a8dedef876609bac9aa7f74b5e2f7a902668
refs/archive/2026-08-03/ag-rev-v3-gap2-reg-1499	6b3d4e553aa6385fd8a33a73bf7b09d3ed315659
refs/archive/2026-08-03/ag-rev-v3-gap2-sec-1499	5f54616b883ef1ac0a2d3bd7e60c160ef616fb6a
refs/archive/2026-08-03/ag-rev-v3-gap3-ops-1508	5aeab191c1257905a14a7fadcc88c71c0d3050d5
refs/archive/2026-08-03/ag-rev-v3-gap3-r2-sec-1515	992d0d19a1314dfb06b59a9be25e48eb56657b2d
refs/archive/2026-08-03/ag-rev-v3-gap3-sec-1508	f1b7ec80ed482415d2bc507bd04cd027e7d0e50b
refs/archive/2026-08-03/ag-rev-v3-gap4-ops-1499	76eaa861167e1f2c8291b28cfbfb08beb0f6f3de
refs/archive/2026-08-03/ag-rev-v3-gap4-sec-1499	6c2304adf7c01843b55c91306921efb59b436552
refs/archive/2026-08-03/ag-rev-v3-gap5-r3-1533	858f1745e1ab4611b4f3e7dc8d05fed6de5ceed6
refs/archive/2026-08-03/ag-rev-v3-gap5-r4-1533	dc31eb3d525e58b64e097cb15c1ad527513dc0b9
refs/archive/2026-08-03/ag-rev-v3-gap5-r5-1533	d531fdae63c64539acb4f1dc0fb87a246b3ec3c4
refs/archive/2026-08-03/ag-rev-v3-prepare-r2-1565	6bc193973efa0b35d0bf8462f3a663f95db01a99
refs/archive/2026-08-03/ag-rev-v3-scope-process-1508	b5192a1ec7c84572abf5cc5db92e1d12244938ce
refs/archive/2026-08-03/ag-rev-v3-scope-r2-process-1508	88cca2292313c979552dc686b8e040ba3205ae90
refs/archive/2026-08-03/ag-rev-v3-scope-r2-reg-1508	0bcea89032621faef2f3f4273a303a95d7bf3ef8
refs/archive/2026-08-03/ag-rev-v3-scope-r2-sec-1508	907532d9677fab985928b8be42fe0c4688c7bc0e
refs/archive/2026-08-03/ag-rev-v3-scope-r3-process-1515	1ce8c58f3dcf16b6263071737fe9e1d1251ce2ce
refs/archive/2026-08-03/ag-rev-v3-scope-r4-sec-1529	dce2ae8d2f36e901435cae1d2f2a38a2d474383c
refs/archive/2026-08-03/ag-rev-v3-scope-reg-1508	983841883131f7c0f5c6f67222cab90b0f4a568e
refs/archive/2026-08-03/ag-rev-v3-scope-sec-1508	a512290e5ac6090839f36ad6c67628ff45d6ad0d
refs/archive/2026-08-03/ag-rev-w15-media-hermetic-r4-1551	2438e8269575f02a40a3ef2370e712167e52aa1b
refs/archive/2026-08-03/ag-rev-w15-media-hermetic-r5-1551	f8b76907e9592e86dbf3c7f95a644bafffdff883
refs/archive/2026-08-03/ag-rev-w15-media-r8-1565	87db9a4b0bf0d71fe32b27dbe8f09676415b0467
refs/archive/2026-08-03/ag-rev-w15-media-r9-1565	c6e45911d2c8fe1ac409003adba6aa0fbb8b3285
refs/archive/2026-08-03/ag-rev-w20-path-authority-r3-1544	5698949bc3b648f4630ee04281205cc4c46fad20
refs/archive/2026-08-03/ag-rev-w20-path-authority-r3-1551	e9714aa0ca8b6fb472689e2939afb805f705f8aa
refs/archive/2026-08-03/ag-rev-w20-path-authority-r4-1544	827aca93b1c1d731561499964c42427b2d06940a
refs/archive/2026-08-03/ag-rev-w20-path-authority-r4-1551	a0e39cc7b3a66c34bedd6b8da375164063dcbbff
refs/archive/2026-08-03/ag-rev-w20-path-authority-r5-1548	8fe94072b3d5d8fa7d19bad6275163753cd8bbfe
refs/archive/2026-08-03/ag-rev-w20-path-authority-r5-1565	e18c17eea091fdf6994f6e5023af19c2d82aa818
refs/archive/2026-08-03/ag-rev-w20-path-authority-r6-1565	0b1f538eb1d4334947fa17dbb45cc0b561af542f
refs/archive/2026-08-03/ag-rev-w35-daemon-deps-r9-1565	098732795ae3356633ac05da233d182d1b8000f9
refs/archive/2026-08-03/ag-rev-w35-r3-ops-1500	971577b028cf0e0147facd7c54a3c3bb46b9b368
refs/archive/2026-08-03/ag-rev-w35-r3-reg-1506	95f38368ff1a3d8f5ae1936ae5676d49152824c0
refs/archive/2026-08-03/ag-rev-w35-r3-sec-1500	238c581e5535f88e4a500c5526377778b16fa00b
refs/archive/2026-08-03/ag-rev-w35-r4-ops-1508	d88fb655c6723156b5c4bb7dcdd9a005b2f09498
refs/archive/2026-08-03/ag-rev-w35-r4-reg-1508	d52f0305436d3446440ebfa179a718626a55955a
refs/archive/2026-08-03/ag-rev-w35-r4-sec-1508	ad5d89191eaab4d2dc1e6334f4f77492a8753c5e
refs/archive/2026-08-03/ag-rev-watchdog-readiness-r2-1565	f6b34f9a7ea50a2c220d750665a939dac129728f
refs/archive/2026-08-03/ag-rev-watchdog-readiness-r3-1565	a63698dd54564781a6c1182995b064d3bef0b145
refs/archive/2026-08-03/ag-rev-watchdog-readiness-r4-1565	c01c681ddd5f8d1f2cb187deb7ff74d45cbc55f8
refs/archive/2026-08-03/ag-runner-event-protocol-plan-1551	56c3a387743079276df2648c92d42be246442329
refs/archive/2026-08-03/ag-runner-event-protocol-plan-r2-1551	cdae4803f7608a0b7f6ce914114d99ecdef6f371
refs/archive/2026-08-03/ag-runner-event-protocol-plan-r3-1551	e20fd80fa6f739b8a8fc8d0c4c5dde4c03540c26
refs/archive/2026-08-03/ag-runner-event-protocol-plan-r4-1551	8d7a84ff54872a8a8f744b6247dcfe030fc126fc
refs/archive/2026-08-03/ag-runner-event-protocol-plan-r5-1551	2080ab3424f3775f86f9b3edd941d3ef3a10e666
refs/archive/2026-08-03/ag-runner-event-protocol-plan-r6-1551	cf652979ceb74568191fd1e6d498075a323929a4
refs/archive/2026-08-03/ag-runner-event-protocol-plan-r7-1551	81a74d48e02cd13181f6ea3a84cedfb090d94881
refs/archive/2026-08-03/ag-runtime-loopback-payload-authority-r19-1551	4c62acda14c99f203d8fb29296fb4fc51ef072a3
refs/archive/2026-08-03/ag-runtime-loopback-payload-authority-r20-1551	ba23d09a204b4f83adfac82699867cd79afbd627
refs/archive/2026-08-03/ag-runtime-loopback-payload-authority-r21-1551	3037f91a941e42ca9394e5cf75b1d2c9c0a39ef5
refs/archive/2026-08-03/ag-runtime-loopback-r10-1544	6fdb17705dd3a003e6819b2bdb756e9fb67f525a
refs/archive/2026-08-03/ag-runtime-loopback-r11-1544	8a60e9ef2e5a789f45f26f8b187fb20ffa8c7084
refs/archive/2026-08-03/ag-runtime-loopback-r12-1544	71e1d9646336c8ac9c8f6705ad2a918fd91d1207
refs/archive/2026-08-03/ag-runtime-loopback-r14-design-1544	331cb35b906f0d69f9e34bf5b1969026b45ea560
refs/archive/2026-08-03/ag-runtime-loopback-r15-design-1548	7a97da3f8a7818e39f94961136b3606866733865
refs/archive/2026-08-03/ag-runtime-loopback-r17-1551	f52810581f05ec0de65697eb696c8813cb75925b
refs/archive/2026-08-03/ag-runtime-loopback-r18-1551	21e687f91781f7cf20b739739975a6ebb03dba28
refs/archive/2026-08-03/ag-runtime-loopback-r23-1565	21f95b856b2694d80da3ec0ea319a9f102534e7f
refs/archive/2026-08-03/ag-runtime-loopback-r6-1533	f2abb4f3287d0d74c12527aa153540d2b67b3d43
refs/archive/2026-08-03/ag-runtime-loopback-r7-1533	2879b4011a244b7de3c065e5f4c8029259771d12
refs/archive/2026-08-03/ag-runtime-loopback-r8-1537	d61af855bda1a039d6ab119e26a2b63fac0b8a6c
refs/archive/2026-08-03/ag-runtime-loopback-r9-1537	6b09d8427315aa422bfbed1d51a0ce67e4de2a8d
refs/archive/2026-08-03/ag-telegram-steer-noise-1533	a8199bf50fb1e19027eaebc05e5431fc78a80532
refs/archive/2026-08-03/ag-telegram-steer-noise-r2-1533	8ad14a1ec1415726c4975d106aef8fd71c0f6ea1
refs/archive/2026-08-03/ag-test-executor-boundary-r3-1544	ae93978ddcd6d919a3f96d1e9d6f8b01d8504fe7
refs/archive/2026-08-03/ag-test-executor-boundary-r4-1544	9a50f38711180d3e6c86d9e6393894c5dc505c9d
refs/archive/2026-08-03/ag-test-executor-boundary-r5-1544	24f16de3adbf0fa266a377ca6a9823fe12cc16a7
refs/archive/2026-08-03/ag-test-executor-foundation-r1-1544	ae93978ddcd6d919a3f96d1e9d6f8b01d8504fe7
refs/archive/2026-08-03/ag-test-executor-foundation-r2-1544	fbe4070dade8a995f62668302edcec952deb71ce
refs/archive/2026-08-03/ag-test-executor-foundation-r3-1551	3fdaf9ed51806f8401814e3e23ed8dc61544c086
refs/archive/2026-08-03/ag-test-executor-foundation-r4-1551	e4273544c397eaed7b9ecde975c0820d5da17528
refs/archive/2026-08-03/ag-test-executor-foundation-r5-1551	3274ff3c0c250684676dac49b41a44a907b1912c
refs/archive/2026-08-03/ag-test-executor-foundation-r6-1551	a5a2db08154c97aec18a39918a15620ee2f44856
refs/archive/2026-08-03/ag-test-executor-foundation-r7-1551	1f90bd82cfe527eb001e8526f3a811edc72a6333
refs/archive/2026-08-03/ag-test-executor-lease-design-1537	1eb89250410ab3361edeac76036faeb088e7c86b
refs/archive/2026-08-03/ag-test-resource-inventory-r10-1561	5611ccd68928eb1e39612d9108eb6a272d25900c
refs/archive/2026-08-03/ag-test-resource-inventory-r2-1544	9d35b522ea43c9300d99d4795719ce93ec03604f
refs/archive/2026-08-03/ag-test-resource-inventory-r3-1548	504602c3a633d85c9d6875fb097fb1d7357deb6c
refs/archive/2026-08-03/ag-test-resource-inventory-r4-1551	cb6412f17816892f79087260b3de0d39bb8f57f5
refs/archive/2026-08-03/ag-test-resource-inventory-r5-1551	d58d1c36523ed78acb0c14d5adc0844168ddb4b3
refs/archive/2026-08-03/ag-test-resource-inventory-r6-1551	969d94b5519cefadec309e2c342f099c75c111ce
refs/archive/2026-08-03/ag-test-resource-inventory-r7-1551	fa7f6f3b69ee9b284e8e6610242fa64b6cd121ed
refs/archive/2026-08-03/ag-test-resource-inventory-r8-1551	afc550af0c21c84759c909ee5e79aed668c50d3e
refs/archive/2026-08-03/ag-test-resource-inventory-r9-1551	2c0025c24bab297caaabf7678e76dc82d72dc28c
refs/archive/2026-08-03/ag-v3-authority-r10-ops-1544	3eed3dc8ca5bf5e2dd2e3c8ab472d6fd5766c65f
refs/archive/2026-08-03/ag-v3-authority-r10-sec-1542	fc7fad82a93371b141027c31b320e36c64390848
refs/archive/2026-08-03/ag-v3-authority-r14-operations-1551	428b5762c988a7787ad2a3e2b66b5c3c2c6b24c2
refs/archive/2026-08-03/ag-v3-authority-r16-1561	f9ab2636c161ee6e4c9c9f0b6067e1b5fcdeb54a
refs/archive/2026-08-03/ag-v3-authority-r17-1565	12290517d66ab4819b5fde95aee924017e7e2901
refs/archive/2026-08-03/ag-v3-authority-r18-1565	980793fc14c9c212df066e3e7a996dd9818a4357
refs/archive/2026-08-03/ag-v3-authority-r7-1533	d2da5985b9b4607f668cdf62950a7aec9ab3add0
refs/archive/2026-08-03/ag-v3-authority-r8-ops-1533	61a5c52bb7b11ea96752087485ba68999756157e
refs/archive/2026-08-03/ag-v3-authority-r8-sec-1533	7069a73b8c2cfe72d8818059c67b437fececa4c4
refs/archive/2026-08-03/ag-v3-authority-r9-ops-1533	b2ee654b7453996434841146f9484b65a5fefdc5
refs/archive/2026-08-03/ag-v3-authority-r9-sec-1533	d14c251d1c806648ddf6fd8e1aae6465ef1fc34c
refs/archive/2026-08-03/ag-v3-container-r2	be4ae7c60e8fef646112ef85e4699884681e9618
refs/archive/2026-08-03/ag-v3-container-r3	dea3be7447fb6e7bd813b032ad4518ebb673c432
refs/archive/2026-08-03/ag-v3-dispatch-r10	4a5d84637fa5bbf6cdf5a0c12ad80ce66f431e4b
refs/archive/2026-08-03/ag-v3-dispatch-r2	fb798bfcb06136a90dea9b47c58370a2408869b9
refs/archive/2026-08-03/ag-v3-dispatch-r3	0d6ef12290a783f9ab0b3fbfcff09d9763379732
refs/archive/2026-08-03/ag-v3-dispatch-r4	d8eda5040e3ae2ab55e41a40e78fafe201be2fb6
refs/archive/2026-08-03/ag-v3-dispatch-r5	02164d5f15052b49d00f183f9555bb0eca9682d0
refs/archive/2026-08-03/ag-v3-dispatch-r6	d21bfd0cf357e946dbf8842743e76a918b2099af
refs/archive/2026-08-03/ag-v3-dispatch-r7	5736ad837f886d2e9a8ac2c15942c90bda2ad556
refs/archive/2026-08-03/ag-v3-dispatch-r8	0eaa43adfc724461776ed0cdfd63574074a00c45
refs/archive/2026-08-03/ag-v3-dispatch-r9	795cd950fd9f69ebd6781dee91a444fc69a6d4df
refs/archive/2026-08-03/ag-v3-foundation-r2	ea8c01004b01d215b961704fe89aea40c17848d5
refs/archive/2026-08-03/ag-v3-foundation-r3	758bbc74d34615bd8e6781e07fab1f1bec85032f
refs/archive/2026-08-03/ag-v3-gap2-evidence-r4-1515	09b8db5fb0d43e25b6ae1f76e89eb0e4200fbe87
refs/archive/2026-08-03/ag-v3-gap2-evidence-r5-1524	f685bd6237c95ffa319a1870adc6b00dcedbb219
refs/archive/2026-08-03/ag-v3-gap2-evidence-r6-1533	dbd1faec4a2d0bf68bd20566599a0ab36523f835
refs/archive/2026-08-03/ag-v3-gap2-rework-r2-1500	9bbf2b39281598a04cdbffec760bbfa9071fc993
refs/archive/2026-08-03/ag-v3-gap3-rework-r2-1508	ab9176893d916b50816b2f36ceff23edad0423dd
refs/archive/2026-08-03/ag-v3-gap4-rework-r2-1500	06a5fbb4321897dc9dca6a5b7f930e3a65b8df51
refs/archive/2026-08-03/ag-v3-gap4-rework-r3-1508	1fd0777016fd0ad10b5269f4a66cdc1a48758586
refs/archive/2026-08-03/ag-v3-meteorite-r2	b07743848055dba342e72124b606f1fa8f32454a
refs/archive/2026-08-03/ag-v3-meteorite-r3	cd8aac1264845d919a948edd1ee125c00d2a441a
refs/archive/2026-08-03/ag-v3-prepare-design-r2-1565	069d1ec144c79a6ed084163a5408e1a804c1b6ae
refs/archive/2026-08-03/ag-v3-recovery-r2	b482805fb519d01b00836bafbb46a1bedc70be05
refs/archive/2026-08-03/ag-v3-recovery-r3	f11b155959e69b6ebbd698a63dc1ca40efe6662c
refs/archive/2026-08-03/ag-v3-recovery-r4	f11b155959e69b6ebbd698a63dc1ca40efe6662c
refs/archive/2026-08-03/ag-v3-recovery-r5	8ca1299c09dba90fc697a579896cf4acd16c5ab2
refs/archive/2026-08-03/ag-v3-scope-rework-r2-1508	2eee10caf976b72842b78af031d71fb161f1aab2
refs/archive/2026-08-03/ag-v3-scope-rework-r3-1515	762e7d5b5bf49d1e4badc38a2026904f6f29a57f
refs/archive/2026-08-03/ag-v3-scope-rework-r4-1524	e5647e6726b17af2a066e2ea309282e12bfa09d9
refs/archive/2026-08-03/ag-v3-state-r2	5a5a151fbc1dfd69cd67758955d1895c5dbde0e1
refs/archive/2026-08-03/ag-v3-state-r3	81a5020dac39043e16276cb3b6fcaebc2d775feb
refs/archive/2026-08-03/ag-v3-telegram-r2	cf5e0f4dcc77a5aee7daa24815fcf830536c956d
refs/archive/2026-08-03/ag-v3-telegram-r3	14699af86055a908497553bf192cce00fac28053
refs/archive/2026-08-03/ag-v3-telegram-r4	1b2262d8224ccdb0227c56ea6a403796eebcb1ee
refs/archive/2026-08-03/ag-v3-telegram-r5	1e10a574906415b6ccf2abf4b30867ca8dd45d5f
refs/archive/2026-08-03/ag-w15-media-hermetic-r2-1548	7395df17ff29b8011fc6c87bf7f18ce4d2af3516
refs/archive/2026-08-03/ag-w15-media-hermetic-r4-1551	bcb23b2ff362c0d5d8b71c77d469ef0f8f85142f
refs/archive/2026-08-03/ag-w15-media-hermetic-r5-1551	66d13908a94418f038ee9ffeb66e5e6b2fc2906a
refs/archive/2026-08-03/ag-w15-media-hermetic-r6-1551	3a5a819cb3ed667b62713ef3fb83fe0f26120878
refs/archive/2026-08-03/ag-w15-media-hermetic-r7-1551	9cb2d35ee27a13d47040187a736980c38854f048
refs/archive/2026-08-03/ag-w15-media-hermetic-r8-1565	19032abb9545b1c7c9d9ad2bca9c41fcf099c5c4
refs/archive/2026-08-03/ag-w15-media-hermetic-r9-1565	bcd8cac70693c7ae8ade5469ebfe32e5dcfd3247
refs/archive/2026-08-03/ag-w20-path-authority-r2-1551	11b6e9ebef07059ba99ddf25fe59744b0f8809c5
refs/archive/2026-08-03/ag-w20-path-authority-r3-1544	12c3b9b2c18d6d305b4ebb056abfb2c5e08c5fe2
refs/archive/2026-08-03/ag-w20-path-authority-r3-1551	4d29225779cfcc8e2435ad0fb47b91debb277e08
refs/archive/2026-08-03/ag-w20-path-authority-r4-1544	2b203ca92b0ac0b3a6ea59baa979df0356ee734c
refs/archive/2026-08-03/ag-w20-path-authority-r4-1551	0df25c7585396bb545e208b0f9582464a146504d
refs/archive/2026-08-03/ag-w20-path-authority-r5-1548	3a9e855b5d3488f9cbf717a3e6334a4f0747ec8c
refs/archive/2026-08-03/ag-w20-path-authority-r5-1561	e18c17eea091fdf6994f6e5023af19c2d82aa818
refs/archive/2026-08-03/ag-w20-path-authority-r6-1565	9c92557daf49255d5b58ac0a72d0762baf8b31b6
refs/archive/2026-08-03/ag-w20-path-authority-r7-1565	f1bb281359e43c2ef07f84913730c6c4659a97e5
refs/archive/2026-08-03/ag-w35-rework-r2-1479	bb6612eff879a85c67e093789989816be8ffc51c
refs/archive/2026-08-03/ag-w35-rework-r3-1479	ac20c2ac367397513c29222c5e4cfd5f69ac56cd
refs/archive/2026-08-03/ag-w35-rework-r4-1506	5e21015e6c86e1261dae945c0f692fdb84ff64af
refs/archive/2026-08-03/ag-w35-rework-r5-1508	e9d08fcca778c502226a3ee44269553ff51ed720
refs/archive/2026-08-03/ag-w35-rework-r6-1533	05bc4e3fd64924511aa7e387539b3b3ae740220b
refs/archive/2026-08-03/ag-watchdog-readiness-r3-1565	6b793c8541cc773a9993c21dfa4bfad4dcb9634d
refs/archive/2026-08-03/ag-watchdog-readiness-r4-1565	c2deab1946f955bf81ff5d4d2c73ec01e8d42891
refs/archive/2026-08-03/ag-watchdog-telegram-readiness-r1-1551	16f6205f7a7ee403c03fccf3e464fb0454f003e6
refs/archive/2026-08-03/ag-watchdog-transport-boundary-r1-1581	1fef8c89be9e7215b75e7cdf97db769822980c1a
refs/archive/2026-08-03/ag-watchdog-transport-boundary-r2-1581	28195679d00b5e6d6c28d24ec582849ad412072a
